country_code,country_name,year,population_total
BEN,Benin,1960,2517286
BEN,Benin,1961,2559223
BEN,Benin,1962,2604659
BEN,Benin,1963,2652908
BEN,Benin,1964,2704003
BEN,Benin,1965,2757936
BEN,Benin,1966,2814317
BEN,Benin,1967,2872997
BEN,Benin,1968,2934257
BEN,Benin,1969,2998222
BEN,Benin,1970,3065057
BEN,Benin,1971,3134767
BEN,Benin,1972,3207543
BEN,Benin,1973,3283496
BEN,Benin,1974,3362633
BEN,Benin,1975,3445407
BEN,Benin,1976,3532196
BEN,Benin,1977,3623202
BEN,Benin,1978,3718305
BEN,Benin,1979,3818528
BEN,Benin,1980,3925251
BEN,Benin,1981,4038307
BEN,Benin,1982,4156596
BEN,Benin,1983,4278978
BEN,Benin,1984,4405895
BEN,Benin,1985,4538012
BEN,Benin,1986,4675420
BEN,Benin,1987,4818486
BEN,Benin,1988,4967341
BEN,Benin,1989,5121657
BEN,Benin,1990,5281479
BEN,Benin,1991,5446932
BEN,Benin,1992,5617844
BEN,Benin,1993,5872706
BEN,Benin,1994,6096506
BEN,Benin,1995,6226773
BEN,Benin,1996,6391858
BEN,Benin,1997,6583365
BEN,Benin,1998,6789489
BEN,Benin,1999,7002818
BEN,Benin,2000,7221619
BEN,Benin,2001,7445596
BEN,Benin,2002,7675426
BEN,Benin,2003,7913070
BEN,Benin,2004,8159094
BEN,Benin,2005,8426144
BEN,Benin,2006,8693242
BEN,Benin,2007,8953969
BEN,Benin,2008,9228466
BEN,Benin,2009,9509423
BEN,Benin,2010,9797484
BEN,Benin,2011,10093623
BEN,Benin,2012,10397657
BEN,Benin,2013,10708834
BEN,Benin,2014,11030004
BEN,Benin,2015,11360681
BEN,Benin,2016,11697842
BEN,Benin,2017,12039780
BEN,Benin,2018,12383347
BEN,Benin,2019,12726755
BEN,Benin,2020,13070169
BEN,Benin,2021,13413417
BEN,Benin,2022,13759501
BEN,Benin,2023,14111034
BEN,Benin,2024,14462724
BEN,Benin,2025,14814460
BFA,Burkina Faso,1960,4778621
BFA,Burkina Faso,1961,4848224
BFA,Burkina Faso,1962,4919672
BFA,Burkina Faso,1963,4993623
BFA,Burkina Faso,1964,5071034
BFA,Burkina Faso,1965,5152833
BFA,Burkina Faso,1966,5237933
BFA,Burkina Faso,1967,5326348
BFA,Burkina Faso,1968,5418644
BFA,Burkina Faso,1969,5513177
BFA,Burkina Faso,1970,5610304
BFA,Burkina Faso,1971,5707999
BFA,Burkina Faso,1972,5807234
BFA,Burkina Faso,1973,5911927
BFA,Burkina Faso,1974,6024904
BFA,Burkina Faso,1975,6147569
BFA,Burkina Faso,1976,6280635
BFA,Burkina Faso,1977,6428734
BFA,Burkina Faso,1978,6590984
BFA,Burkina Faso,1979,6763903
BFA,Burkina Faso,1980,6947900
BFA,Burkina Faso,1981,7140271
BFA,Burkina Faso,1982,7340197
BFA,Burkina Faso,1983,7551129
BFA,Burkina Faso,1984,7772256
BFA,Burkina Faso,1985,7999935
BFA,Burkina Faso,1986,8228847
BFA,Burkina Faso,1987,8457109
BFA,Burkina Faso,1988,8687435
BFA,Burkina Faso,1989,8921175
BFA,Burkina Faso,1990,9159356
BFA,Burkina Faso,1991,9394632
BFA,Burkina Faso,1992,9629275
BFA,Burkina Faso,1993,9871713
BFA,Burkina Faso,1994,10123798
BFA,Burkina Faso,1995,10386722
BFA,Burkina Faso,1996,10655942
BFA,Burkina Faso,1997,10934223
BFA,Burkina Faso,1998,11240664
BFA,Burkina Faso,1999,11574928
BFA,Burkina Faso,2000,11925546
BFA,Burkina Faso,2001,12295001
BFA,Burkina Faso,2002,12680897
BFA,Burkina Faso,2003,13082532
BFA,Burkina Faso,2004,13500533
BFA,Burkina Faso,2005,13932123
BFA,Burkina Faso,2006,14373707
BFA,Burkina Faso,2007,14816307
BFA,Burkina Faso,2008,15258093
BFA,Burkina Faso,2009,15710066
BFA,Burkina Faso,2010,16176498
BFA,Burkina Faso,2011,16661908
BFA,Burkina Faso,2012,17172287
BFA,Burkina Faso,2013,17695409
BFA,Burkina Faso,2014,18229461
BFA,Burkina Faso,2015,18777487
BFA,Burkina Faso,2016,19334856
BFA,Burkina Faso,2017,19894407
BFA,Burkina Faso,2018,20438288
BFA,Burkina Faso,2019,20961952
BFA,Burkina Faso,2020,21478690
BFA,Burkina Faso,2021,21995243
BFA,Burkina Faso,2022,22509038
BFA,Burkina Faso,2023,23025776
BFA,Burkina Faso,2024,23548781
BFA,Burkina Faso,2025,24074580
CIV,Cote d'Ivoire,1960,3673666
CIV,Cote d'Ivoire,1961,3810151
CIV,Cote d'Ivoire,1962,3956939
CIV,Cote d'Ivoire,1963,4112061
CIV,Cote d'Ivoire,1964,4273952
CIV,Cote d'Ivoire,1965,4442377
CIV,Cote d'Ivoire,1966,4617519
CIV,Cote d'Ivoire,1967,4799744
CIV,Cote d'Ivoire,1968,4990021
CIV,Cote d'Ivoire,1969,5192221
CIV,Cote d'Ivoire,1970,5411567
CIV,Cote d'Ivoire,1971,5650868
CIV,Cote d'Ivoire,1972,5909716
CIV,Cote d'Ivoire,1973,6184944
CIV,Cote d'Ivoire,1974,6474057
CIV,Cote d'Ivoire,1975,6776297
CIV,Cote d'Ivoire,1976,7057958
CIV,Cote d'Ivoire,1977,7321950
CIV,Cote d'Ivoire,1978,7603130
CIV,Cote d'Ivoire,1979,7902267
CIV,Cote d'Ivoire,1980,8220714
CIV,Cote d'Ivoire,1981,8556596
CIV,Cote d'Ivoire,1982,8907936
CIV,Cote d'Ivoire,1983,9272744
CIV,Cote d'Ivoire,1984,9650516
CIV,Cote d'Ivoire,1985,10040483
CIV,Cote d'Ivoire,1986,10440917
CIV,Cote d'Ivoire,1987,10851475
CIV,Cote d'Ivoire,1988,11275189
CIV,Cote d'Ivoire,1989,11719771
CIV,Cote d'Ivoire,1990,12189778
CIV,Cote d'Ivoire,1991,12683870
CIV,Cote d'Ivoire,1992,13200310
CIV,Cote d'Ivoire,1993,13735951
CIV,Cote d'Ivoire,1994,14287201
CIV,Cote d'Ivoire,1995,14855565
CIV,Cote d'Ivoire,1996,15442312
CIV,Cote d'Ivoire,1997,16047170
CIV,Cote d'Ivoire,1998,16663948
CIV,Cote d'Ivoire,1999,17215935
CIV,Cote d'Ivoire,2000,17699004
CIV,Cote d'Ivoire,2001,18178913
CIV,Cote d'Ivoire,2002,18654771
CIV,Cote d'Ivoire,2003,19125542
CIV,Cote d'Ivoire,2004,19595000
CIV,Cote d'Ivoire,2005,20068458
CIV,Cote d'Ivoire,2006,20546802
CIV,Cote d'Ivoire,2007,21030558
CIV,Cote d'Ivoire,2008,21514439
CIV,Cote d'Ivoire,2009,21997940
CIV,Cote d'Ivoire,2010,22488065
CIV,Cote d'Ivoire,2011,22982000
CIV,Cote d'Ivoire,2012,23467078
CIV,Cote d'Ivoire,2013,23939775
CIV,Cote d'Ivoire,2014,24527395
CIV,Cote d'Ivoire,2015,25246342
CIV,Cote d'Ivoire,2016,25989405
CIV,Cote d'Ivoire,2017,26733372
CIV,Cote d'Ivoire,2018,27464173
CIV,Cote d'Ivoire,2019,28193009
CIV,Cote d'Ivoire,2020,28915449
CIV,Cote d'Ivoire,2021,29639736
CIV,Cote d'Ivoire,2022,30395002
CIV,Cote d'Ivoire,2023,31165654
CIV,Cote d'Ivoire,2024,31934230
CIV,Cote d'Ivoire,2025,32711547
CPV,Cabo Verde,1960,210024
CPV,Cabo Verde,1961,215087
CPV,Cabo Verde,1962,221919
CPV,Cabo Verde,1963,229373
CPV,Cabo Verde,1964,237006
CPV,Cabo Verde,1965,244856
CPV,Cabo Verde,1966,252976
CPV,Cabo Verde,1967,261404
CPV,Cabo Verde,1968,270164
CPV,Cabo Verde,1969,279248
CPV,Cabo Verde,1970,287885
CPV,Cabo Verde,1971,294046
CPV,Cabo Verde,1972,297386
CPV,Cabo Verde,1973,299881
CPV,Cabo Verde,1974,302570
CPV,Cabo Verde,1975,305847
CPV,Cabo Verde,1976,309455
CPV,Cabo Verde,1977,312834
CPV,Cabo Verde,1978,316147
CPV,Cabo Verde,1979,319480
CPV,Cabo Verde,1980,323301
CPV,Cabo Verde,1981,327846
CPV,Cabo Verde,1982,332724
CPV,Cabo Verde,1983,337654
CPV,Cabo Verde,1984,342505
CPV,Cabo Verde,1985,347365
CPV,Cabo Verde,1986,352312
CPV,Cabo Verde,1987,357302
CPV,Cabo Verde,1988,362329
CPV,Cabo Verde,1989,367803
CPV,Cabo Verde,1990,375428
CPV,Cabo Verde,1991,384586
CPV,Cabo Verde,1992,393415
CPV,Cabo Verde,1993,401965
CPV,Cabo Verde,1994,410228
CPV,Cabo Verde,1995,418104
CPV,Cabo Verde,1996,425581
CPV,Cabo Verde,1997,432798
CPV,Cabo Verde,1998,439784
CPV,Cabo Verde,1999,446519
CPV,Cabo Verde,2000,453317
CPV,Cabo Verde,2001,460293
CPV,Cabo Verde,2002,467046
CPV,Cabo Verde,2003,473383
CPV,Cabo Verde,2004,479370
CPV,Cabo Verde,2005,485115
CPV,Cabo Verde,2006,490728
CPV,Cabo Verde,2007,496190
CPV,Cabo Verde,2008,501355
CPV,Cabo Verde,2009,506141
CPV,Cabo Verde,2010,509784
CPV,Cabo Verde,2011,511447
CPV,Cabo Verde,2012,511955
CPV,Cabo Verde,2013,512225
CPV,Cabo Verde,2014,512326
CPV,Cabo Verde,2015,512394
CPV,Cabo Verde,2016,512554
CPV,Cabo Verde,2017,512893
CPV,Cabo Verde,2018,513415
CPV,Cabo Verde,2019,514104
CPV,Cabo Verde,2020,514679
CPV,Cabo Verde,2021,516649
CPV,Cabo Verde,2022,519741
CPV,Cabo Verde,2023,522331
CPV,Cabo Verde,2024,524877
CPV,Cabo Verde,2025,527326
GHA,Ghana,1960,6961215
GHA,Ghana,1961,7162667
GHA,Ghana,1962,7337375
GHA,Ghana,1963,7514714
GHA,Ghana,1964,7695739
GHA,Ghana,1965,7882606
GHA,Ghana,1966,8074521
GHA,Ghana,1967,8271913
GHA,Ghana,1968,8475729
GHA,Ghana,1969,8690383
GHA,Ghana,1970,8925813
GHA,Ghana,1971,9176264
GHA,Ghana,1972,9438187
GHA,Ghana,1973,9714617
GHA,Ghana,1974,10000523
GHA,Ghana,1975,10294308
GHA,Ghana,1976,10594913
GHA,Ghana,1977,10911871
GHA,Ghana,1978,11248450
GHA,Ghana,1979,11597255
GHA,Ghana,1980,11941448
GHA,Ghana,1981,12281712
GHA,Ghana,1982,12643819
GHA,Ghana,1983,13029836
GHA,Ghana,1984,13370590
GHA,Ghana,1985,13661229
GHA,Ghana,1986,13965217
GHA,Ghana,1987,14289108
GHA,Ghana,1988,14636568
GHA,Ghana,1989,15006813
GHA,Ghana,1990,15394648
GHA,Ghana,1991,15787496
GHA,Ghana,1992,16184855
GHA,Ghana,1993,16589519
GHA,Ghana,1994,16993190
GHA,Ghana,1995,17399017
GHA,Ghana,1996,17810181
GHA,Ghana,1997,18238958
GHA,Ghana,1998,18688036
GHA,Ghana,1999,19149864
GHA,Ghana,2000,19637087
GHA,Ghana,2001,20167069
GHA,Ghana,2002,20729388
GHA,Ghana,2003,21296705
GHA,Ghana,2004,21868298
GHA,Ghana,2005,22449438
GHA,Ghana,2006,23040702
GHA,Ghana,2007,23642279
GHA,Ghana,2008,24249946
GHA,Ghana,2009,24862664
GHA,Ghana,2010,25474995
GHA,Ghana,2011,26095088
GHA,Ghana,2012,26734268
GHA,Ghana,2013,27386193
GHA,Ghana,2014,28041592
GHA,Ghana,2015,28696068
GHA,Ghana,2016,29356742
GHA,Ghana,2017,30008354
GHA,Ghana,2018,30637585
GHA,Ghana,2019,31258945
GHA,Ghana,2020,31887809
GHA,Ghana,2021,32518665
GHA,Ghana,2022,33149152
GHA,Ghana,2023,33787914
GHA,Ghana,2024,34427414
GHA,Ghana,2025,35064272
GIN,Guinea,1960,3556749
GIN,Guinea,1961,3619551
GIN,Guinea,1962,3684273
GIN,Guinea,1963,3750954
GIN,Guinea,1964,3819722
GIN,Guinea,1965,3890716
GIN,Guinea,1966,3964155
GIN,Guinea,1967,4040153
GIN,Guinea,1968,4118550
GIN,Guinea,1969,4198300
GIN,Guinea,1970,4277535
GIN,Guinea,1971,4355200
GIN,Guinea,1972,4431292
GIN,Guinea,1973,4506324
GIN,Guinea,1974,4580510
GIN,Guinea,1975,4653876
GIN,Guinea,1976,4727022
GIN,Guinea,1977,4801128
GIN,Guinea,1978,4877854
GIN,Guinea,1979,4959283
GIN,Guinea,1980,5047419
GIN,Guinea,1981,5143288
GIN,Guinea,1982,5247672
GIN,Guinea,1983,5359814
GIN,Guinea,1984,5480096
GIN,Guinea,1985,5610373
GIN,Guinea,1986,5750668
GIN,Guinea,1987,5900198
GIN,Guinea,1988,6056574
GIN,Guinea,1989,6215811
GIN,Guinea,1990,6434374
GIN,Guinea,1991,6697166
GIN,Guinea,1992,6914366
GIN,Guinea,1993,7128177
GIN,Guinea,1994,7345107
GIN,Guinea,1995,7553249
GIN,Guinea,1996,7770035
GIN,Guinea,1997,7931370
GIN,Guinea,1998,8081990
GIN,Guinea,1999,8265123
GIN,Guinea,2000,8428832
GIN,Guinea,2001,8539960
GIN,Guinea,2002,8674066
GIN,Guinea,2003,8870781
GIN,Guinea,2004,9062726
GIN,Guinea,2005,9245844
GIN,Guinea,2006,9441171
GIN,Guinea,2007,9662281
GIN,Guinea,2008,9898870
GIN,Guinea,2009,10143534
GIN,Guinea,2010,10396086
GIN,Guinea,2011,10656810
GIN,Guinea,2012,10921581
GIN,Guinea,2013,11191873
GIN,Guinea,2014,11472924
GIN,Guinea,2015,11767070
GIN,Guinea,2016,12073030
GIN,Guinea,2017,12385659
GIN,Guinea,2018,12704774
GIN,Guinea,2019,13034346
GIN,Guinea,2020,13371183
GIN,Guinea,2021,13710513
GIN,Guinea,2022,14055137
GIN,Guinea,2023,14405468
GIN,Guinea,2024,14754785
GIN,Guinea,2025,15099727
GMB,"Gambia, The",1960,398060
GMB,"Gambia, The",1961,408930
GMB,"Gambia, The",1962,420163
GMB,"Gambia, The",1963,431757
GMB,"Gambia, The",1964,443687
GMB,"Gambia, The",1965,455952
GMB,"Gambia, The",1966,468516
GMB,"Gambia, The",1967,481588
GMB,"Gambia, The",1968,495269
GMB,"Gambia, The",1969,509440
GMB,"Gambia, The",1970,524105
GMB,"Gambia, The",1971,539388
GMB,"Gambia, The",1972,555370
GMB,"Gambia, The",1973,571991
GMB,"Gambia, The",1974,589085
GMB,"Gambia, The",1975,606821
GMB,"Gambia, The",1976,625667
GMB,"Gambia, The",1977,645770
GMB,"Gambia, The",1978,667103
GMB,"Gambia, The",1979,689781
GMB,"Gambia, The",1980,713913
GMB,"Gambia, The",1981,739125
GMB,"Gambia, The",1982,765753
GMB,"Gambia, The",1983,794525
GMB,"Gambia, The",1984,825631
GMB,"Gambia, The",1985,858874
GMB,"Gambia, The",1986,894019
GMB,"Gambia, The",1987,931091
GMB,"Gambia, The",1988,970160
GMB,"Gambia, The",1989,1011357
GMB,"Gambia, The",1990,1054696
GMB,"Gambia, The",1991,1099959
GMB,"Gambia, The",1992,1145582
GMB,"Gambia, The",1993,1188365
GMB,"Gambia, The",1994,1227226
GMB,"Gambia, The",1995,1264313
GMB,"Gambia, The",1996,1301410
GMB,"Gambia, The",1997,1338889
GMB,"Gambia, The",1998,1376987
GMB,"Gambia, The",1999,1415779
GMB,"Gambia, The",2000,1455084
GMB,"Gambia, The",2001,1495011
GMB,"Gambia, The",2002,1535691
GMB,"Gambia, The",2003,1577611
GMB,"Gambia, The",2004,1621312
GMB,"Gambia, The",2005,1667037
GMB,"Gambia, The",2006,1715275
GMB,"Gambia, The",2007,1765774
GMB,"Gambia, The",2008,1817852
GMB,"Gambia, The",2009,1871422
GMB,"Gambia, The",2010,1926630
GMB,"Gambia, The",2011,1983784
GMB,"Gambia, The",2012,2043094
GMB,"Gambia, The",2013,2103820
GMB,"Gambia, The",2014,2164528
GMB,"Gambia, The",2015,2224529
GMB,"Gambia, The",2016,2283769
GMB,"Gambia, The",2017,2342189
GMB,"Gambia, The",2018,2399632
GMB,"Gambia, The",2019,2456844
GMB,"Gambia, The",2020,2515733
GMB,"Gambia, The",2021,2576010
GMB,"Gambia, The",2022,2636470
GMB,"Gambia, The",2023,2697845
GMB,"Gambia, The",2024,2759988
GMB,"Gambia, The",2025,2822093
GNB,Guinea-Bissau,1960,577633
GNB,Guinea-Bissau,1961,582532
GNB,Guinea-Bissau,1962,589474
GNB,Guinea-Bissau,1963,594418
GNB,Guinea-Bissau,1964,588543
GNB,Guinea-Bissau,1965,575005
GNB,Guinea-Bissau,1966,566908
GNB,Guinea-Bissau,1967,569011
GNB,Guinea-Bissau,1968,578170
GNB,Guinea-Bissau,1969,581610
GNB,Guinea-Bissau,1970,584403
GNB,Guinea-Bissau,1971,586221
GNB,Guinea-Bissau,1972,586620
GNB,Guinea-Bissau,1973,592808
GNB,Guinea-Bissau,1974,613338
GNB,Guinea-Bissau,1975,650966
GNB,Guinea-Bissau,1976,694191
GNB,Guinea-Bissau,1977,741789
GNB,Guinea-Bissau,1978,791694
GNB,Guinea-Bissau,1979,819867
GNB,Guinea-Bissau,1980,829303
GNB,Guinea-Bissau,1981,842432
GNB,Guinea-Bissau,1982,855891
GNB,Guinea-Bissau,1983,869592
GNB,Guinea-Bissau,1984,883519
GNB,Guinea-Bissau,1985,897697
GNB,Guinea-Bissau,1986,912126
GNB,Guinea-Bissau,1987,926862
GNB,Guinea-Bissau,1988,942061
GNB,Guinea-Bissau,1989,957789
GNB,Guinea-Bissau,1990,973669
GNB,Guinea-Bissau,1991,994639
GNB,Guinea-Bissau,1992,1024356
GNB,Guinea-Bissau,1993,1058745
GNB,Guinea-Bissau,1994,1092031
GNB,Guinea-Bissau,1995,1119949
GNB,Guinea-Bissau,1996,1143535
GNB,Guinea-Bissau,1997,1165545
GNB,Guinea-Bissau,1998,1187473
GNB,Guinea-Bissau,1999,1210206
GNB,Guinea-Bissau,2000,1234741
GNB,Guinea-Bissau,2001,1261273
GNB,Guinea-Bissau,2002,1289307
GNB,Guinea-Bissau,2003,1318806
GNB,Guinea-Bissau,2004,1349563
GNB,Guinea-Bissau,2005,1381585
GNB,Guinea-Bissau,2006,1415303
GNB,Guinea-Bissau,2007,1450986
GNB,Guinea-Bissau,2008,1488054
GNB,Guinea-Bissau,2009,1526377
GNB,Guinea-Bissau,2010,1566347
GNB,Guinea-Bissau,2011,1608076
GNB,Guinea-Bissau,2012,1651417
GNB,Guinea-Bissau,2013,1695973
GNB,Guinea-Bissau,2014,1741122
GNB,Guinea-Bissau,2015,1786457
GNB,Guinea-Bissau,2016,1831893
GNB,Guinea-Bissau,2017,1877072
GNB,Guinea-Bissau,2018,1922168
GNB,Guinea-Bissau,2019,1967696
GNB,Guinea-Bissau,2020,2013255
GNB,Guinea-Bissau,2021,2058841
GNB,Guinea-Bissau,2022,2105529
GNB,Guinea-Bissau,2023,2153339
GNB,Guinea-Bissau,2024,2201352
GNB,Guinea-Bissau,2025,2249515
LBR,Liberia,1960,1139522
LBR,Liberia,1961,1167717
LBR,Liberia,1962,1197039
LBR,Liberia,1963,1227414
LBR,Liberia,1964,1258745
LBR,Liberia,1965,1291156
LBR,Liberia,1966,1324383
LBR,Liberia,1967,1358435
LBR,Liberia,1968,1393530
LBR,Liberia,1969,1429605
LBR,Liberia,1970,1466676
LBR,Liberia,1971,1504077
LBR,Liberia,1972,1542670
LBR,Liberia,1973,1583588
LBR,Liberia,1974,1626362
LBR,Liberia,1975,1670913
LBR,Liberia,1976,1717060
LBR,Liberia,1977,1766019
LBR,Liberia,1978,1818247
LBR,Liberia,1979,1872713
LBR,Liberia,1980,1929253
LBR,Liberia,1981,1986867
LBR,Liberia,1982,2045073
LBR,Liberia,1983,2107113
LBR,Liberia,1984,2173312
LBR,Liberia,1985,2240539
LBR,Liberia,1986,2308511
LBR,Liberia,1987,2377229
LBR,Liberia,1988,2446941
LBR,Liberia,1989,2517858
LBR,Liberia,1990,2223667
LBR,Liberia,1991,1956518
LBR,Liberia,1992,2072461
LBR,Liberia,1993,2155126
LBR,Liberia,1994,2149928
LBR,Liberia,1995,2169162
LBR,Liberia,1996,2232289
LBR,Liberia,1997,2412989
LBR,Liberia,1998,2670124
LBR,Liberia,1999,2821684
LBR,Liberia,2000,2928117
LBR,Liberia,2001,3015338
LBR,Liberia,2002,3094782
LBR,Liberia,2003,3119532
LBR,Liberia,2004,3156892
LBR,Liberia,2005,3301015
LBR,Liberia,2006,3490787
LBR,Liberia,2007,3669050
LBR,Liberia,2008,3821003
LBR,Liberia,2009,3943028
LBR,Liberia,2010,4058890
LBR,Liberia,2011,4221178
LBR,Liberia,2012,4373043
LBR,Liberia,2013,4470239
LBR,Liberia,2014,4564293
LBR,Liberia,2015,4659431
LBR,Liberia,2016,4755608
LBR,Liberia,2017,4848925
LBR,Liberia,2018,4944726
LBR,Liberia,2019,5043721
LBR,Liberia,2020,5149463
LBR,Liberia,2021,5259323
LBR,Liberia,2022,5373294
LBR,Liberia,2023,5493031
LBR,Liberia,2024,5612817
LBR,Liberia,2025,5731206
MLI,Mali,1960,5402550
MLI,Mali,1961,5482283
MLI,Mali,1962,5563917
MLI,Mali,1963,5646605
MLI,Mali,1964,5730125
MLI,Mali,1965,5815487
MLI,Mali,1966,5902204
MLI,Mali,1967,5990906
MLI,Mali,1968,6082979
MLI,Mali,1969,6177704
MLI,Mali,1970,6276472
MLI,Mali,1971,6377944
MLI,Mali,1972,6483726
MLI,Mali,1973,6597106
MLI,Mali,1974,6715436
MLI,Mali,1975,6837261
MLI,Mali,1976,6960979
MLI,Mali,1977,7090979
MLI,Mali,1978,7229651
MLI,Mali,1979,7375266
MLI,Mali,1980,7530515
MLI,Mali,1981,7692766
MLI,Mali,1982,7860194
MLI,Mali,1983,8034400
MLI,Mali,1984,8208599
MLI,Mali,1985,8374663
MLI,Mali,1986,8531277
MLI,Mali,1987,8681164
MLI,Mali,1988,8833996
MLI,Mali,1989,8999938
MLI,Mali,1990,9178830
MLI,Mali,1991,9362888
MLI,Mali,1992,9553540
MLI,Mali,1993,9754786
MLI,Mali,1994,9967031
MLI,Mali,1995,10185365
MLI,Mali,1996,10407278
MLI,Mali,1997,10646495
MLI,Mali,1998,10919573
MLI,Mali,1999,11227415
MLI,Mali,2000,11559290
MLI,Mali,2001,11912158
MLI,Mali,2002,12288050
MLI,Mali,2003,12684955
MLI,Mali,2004,13102409
MLI,Mali,2005,13538647
MLI,Mali,2006,13990139
MLI,Mali,2007,14457775
MLI,Mali,2008,14940782
MLI,Mali,2009,15435539
MLI,Mali,2010,15945198
MLI,Mali,2011,16469049
MLI,Mali,2012,16957033
MLI,Mali,2013,17459615
MLI,Mali,2014,18020267
MLI,Mali,2015,18593022
MLI,Mali,2016,19191289
MLI,Mali,2017,19813011
MLI,Mali,2018,20442030
MLI,Mali,2019,21068405
MLI,Mali,2020,21713836
MLI,Mali,2021,22388630
MLI,Mali,2022,23072640
MLI,Mali,2023,23769127
MLI,Mali,2024,24478595
MLI,Mali,2025,25198821
MRT,Mauritania,1960,824298
MRT,Mauritania,1961,846167
MRT,Mauritania,1962,869184
MRT,Mauritania,1963,893423
MRT,Mauritania,1964,918955
MRT,Mauritania,1965,945838
MRT,Mauritania,1966,974157
MRT,Mauritania,1967,1003843
MRT,Mauritania,1968,1034739
MRT,Mauritania,1969,1066754
MRT,Mauritania,1970,1099806
MRT,Mauritania,1971,1133702
MRT,Mauritania,1972,1168355
MRT,Mauritania,1973,1203838
MRT,Mauritania,1974,1240188
MRT,Mauritania,1975,1277330
MRT,Mauritania,1976,1315336
MRT,Mauritania,1977,1353768
MRT,Mauritania,1978,1392713
MRT,Mauritania,1979,1432758
MRT,Mauritania,1980,1474043
MRT,Mauritania,1981,1516877
MRT,Mauritania,1982,1561176
MRT,Mauritania,1983,1606746
MRT,Mauritania,1984,1653693
MRT,Mauritania,1985,1702107
MRT,Mauritania,1986,1751835
MRT,Mauritania,1987,1803014
MRT,Mauritania,1988,1855859
MRT,Mauritania,1989,1903048
MRT,Mauritania,1990,1951878
MRT,Mauritania,1991,2009738
MRT,Mauritania,1992,2088135
MRT,Mauritania,1993,2174328
MRT,Mauritania,1994,2249454
MRT,Mauritania,1995,2312017
MRT,Mauritania,1996,2358188
MRT,Mauritania,1997,2411306
MRT,Mauritania,1998,2474651
MRT,Mauritania,1999,2541698
MRT,Mauritania,2000,2613441
MRT,Mauritania,2001,2678760
MRT,Mauritania,2002,2738655
MRT,Mauritania,2003,2802046
MRT,Mauritania,2004,2868664
MRT,Mauritania,2005,2939059
MRT,Mauritania,2006,3013660
MRT,Mauritania,2007,3093059
MRT,Mauritania,2008,3183269
MRT,Mauritania,2009,3284448
MRT,Mauritania,2010,3390965
MRT,Mauritania,2011,3502811
MRT,Mauritania,2012,3619034
MRT,Mauritania,2013,3734318
MRT,Mauritania,2014,3848514
MRT,Mauritania,2015,3965959
MRT,Mauritania,2016,4086657
MRT,Mauritania,2017,4210600
MRT,Mauritania,2018,4337685
MRT,Mauritania,2019,4467708
MRT,Mauritania,2020,4600131
MRT,Mauritania,2021,4734874
MRT,Mauritania,2022,4875637
MRT,Mauritania,2023,5022441
MRT,Mauritania,2024,5169395
MRT,Mauritania,2025,5315065
NER,Niger,1960,3505050
NER,Niger,1961,3608162
NER,Niger,1962,3714520
NER,Niger,1963,3823873
NER,Niger,1964,3935814
NER,Niger,1965,4049695
NER,Niger,1966,4165544
NER,Niger,1967,4283590
NER,Niger,1968,4403637
NER,Niger,1969,4525725
NER,Niger,1970,4650275
NER,Niger,1971,4776225
NER,Niger,1972,4904845
NER,Niger,1973,5037865
NER,Niger,1974,5174953
NER,Niger,1975,5317019
NER,Niger,1976,5464962
NER,Niger,1977,5619716
NER,Niger,1978,5782932
NER,Niger,1979,5955556
NER,Niger,1980,6135971
NER,Niger,1981,6322006
NER,Niger,1982,6512732
NER,Niger,1983,6708644
NER,Niger,1984,6909971
NER,Niger,1985,7118457
NER,Niger,1986,7335811
NER,Niger,1987,7561150
NER,Niger,1988,7793748
NER,Niger,1989,8034780
NER,Niger,1990,8286059
NER,Niger,1991,8546900
NER,Niger,1992,8817633
NER,Niger,1993,9100789
NER,Niger,1994,9398258
NER,Niger,1995,9714529
NER,Niger,1996,10044852
NER,Niger,1997,10383969
NER,Niger,1998,10741413
NER,Niger,1999,11117411
NER,Niger,2000,11509630
NER,Niger,2001,11920647
NER,Niger,2002,12349144
NER,Niger,2003,12796984
NER,Niger,2004,13265836
NER,Niger,2005,13756192
NER,Niger,2006,14268581
NER,Niger,2007,14803610
NER,Niger,2008,15361915
NER,Niger,2009,15943675
NER,Niger,2010,16548835
NER,Niger,2011,17176283
NER,Niger,2012,17836769
NER,Niger,2013,18519898
NER,Niger,2014,19215909
NER,Niger,2015,19939498
NER,Niger,2016,20685753
NER,Niger,2017,21435446
NER,Niger,2018,22188069
NER,Niger,2019,22947757
NER,Niger,2020,23717613
NER,Niger,2021,24502140
NER,Niger,2022,25311973
NER,Niger,2023,26159867
NER,Niger,2024,27032412
NER,Niger,2025,27917831
NGA,Nigeria,1960,45053782
NGA,Nigeria,1961,45989310
NGA,Nigeria,1962,46965292
NGA,Nigeria,1963,47973575
NGA,Nigeria,1964,49012016
NGA,Nigeria,1965,50086764
NGA,Nigeria,1966,51188234
NGA,Nigeria,1967,52293065
NGA,Nigeria,1968,53432783
NGA,Nigeria,1969,54631914
NGA,Nigeria,1970,55893838
NGA,Nigeria,1971,57214684
NGA,Nigeria,1972,58601748
NGA,Nigeria,1973,60082139
NGA,Nigeria,1974,61679144
NGA,Nigeria,1975,63410815
NGA,Nigeria,1976,65258009
NGA,Nigeria,1977,67234590
NGA,Nigeria,1978,69326532
NGA,Nigeria,1979,71498242
NGA,Nigeria,1980,73764641
NGA,Nigeria,1981,76068103
NGA,Nigeria,1982,78378701
NGA,Nigeria,1983,80438260
NGA,Nigeria,1984,82526443
NGA,Nigeria,1985,84897973
NGA,Nigeria,1986,87235953
NGA,Nigeria,1987,89591716
NGA,Nigeria,1988,92020090
NGA,Nigeria,1989,94531014
NGA,Nigeria,1990,97120925
NGA,Nigeria,1991,99720162
NGA,Nigeria,1992,102372770
NGA,Nigeria,1993,105122069
NGA,Nigeria,1994,107935714
NGA,Nigeria,1995,110819428
NGA,Nigeria,1996,113754779
NGA,Nigeria,1997,116754792
NGA,Nigeria,1998,119846254
NGA,Nigeria,1999,123047320
NGA,Nigeria,2000,126382494
NGA,Nigeria,2001,129862595
NGA,Nigeria,2002,133471989
NGA,Nigeria,2003,137202644
NGA,Nigeria,2004,141057045
NGA,Nigeria,2005,145017253
NGA,Nigeria,2006,149077334
NGA,Nigeria,2007,153267261
NGA,Nigeria,2008,157595014
NGA,Nigeria,2009,162049464
NGA,Nigeria,2010,166642886
NGA,Nigeria,2011,171379598
NGA,Nigeria,2012,176200625
NGA,Nigeria,2013,181049443
NGA,Nigeria,2014,185896915
NGA,Nigeria,2015,190671878
NGA,Nigeria,2016,195443700
NGA,Nigeria,2017,200254579
NGA,Nigeria,2018,204938755
NGA,Nigeria,2019,209485641
NGA,Nigeria,2020,213996181
NGA,Nigeria,2021,218529286
NGA,Nigeria,2022,223150896
NGA,Nigeria,2023,227882945
NGA,Nigeria,2024,232679478
NGA,Nigeria,2025,237527782
SEN,Senegal,1960,3340907
SEN,Senegal,1961,3436375
SEN,Senegal,1962,3534686
SEN,Senegal,1963,3635876
SEN,Senegal,1964,3740535
SEN,Senegal,1965,3849788
SEN,Senegal,1966,3964299
SEN,Senegal,1967,4083870
SEN,Senegal,1968,4207587
SEN,Senegal,1969,4334974
SEN,Senegal,1970,4466328
SEN,Senegal,1971,4601864
SEN,Senegal,1972,4741631
SEN,Senegal,1973,4885181
SEN,Senegal,1974,5029437
SEN,Senegal,1975,5170810
SEN,Senegal,1976,5308564
SEN,Senegal,1977,5439549
SEN,Senegal,1978,5568096
SEN,Senegal,1979,5702895
SEN,Senegal,1980,5845638
SEN,Senegal,1981,5997160
SEN,Senegal,1982,6156961
SEN,Senegal,1983,6324504
SEN,Senegal,1984,6499364
SEN,Senegal,1985,6683287
SEN,Senegal,1986,6878192
SEN,Senegal,1987,7081530
SEN,Senegal,1988,7289618
SEN,Senegal,1989,7502207
SEN,Senegal,1990,7720523
SEN,Senegal,1991,7943085
SEN,Senegal,1992,8168395
SEN,Senegal,1993,8396288
SEN,Senegal,1994,8624078
SEN,Senegal,1995,8848101
SEN,Senegal,1996,9067014
SEN,Senegal,1997,9283495
SEN,Senegal,1998,9502952
SEN,Senegal,1999,9730887
SEN,Senegal,2000,9968260
SEN,Senegal,2001,10212942
SEN,Senegal,2002,10466214
SEN,Senegal,2003,10721176
SEN,Senegal,2004,10975704
SEN,Senegal,2005,11235472
SEN,Senegal,2006,11500094
SEN,Senegal,2007,11770344
SEN,Senegal,2008,12048959
SEN,Senegal,2009,12337389
SEN,Senegal,2010,12635413
SEN,Senegal,2011,12958897
SEN,Senegal,2012,13310495
SEN,Senegal,2013,13710849
SEN,Senegal,2014,14152102
SEN,Senegal,2015,14593331
SEN,Senegal,2016,15034521
SEN,Senegal,2017,15475002
SEN,Senegal,2018,15914498
SEN,Senegal,2019,16352922
SEN,Senegal,2020,16789219
SEN,Senegal,2021,17220867
SEN,Senegal,2022,17651103
SEN,Senegal,2023,18077573
SEN,Senegal,2024,18501984
SEN,Senegal,2025,18931966
SLE,Sierra Leone,1960,2268356
SLE,Sierra Leone,1961,2304227
SLE,Sierra Leone,1962,2342242
SLE,Sierra Leone,1963,2382258
SLE,Sierra Leone,1964,2424390
SLE,Sierra Leone,1965,2468666
SLE,Sierra Leone,1966,2514638
SLE,Sierra Leone,1967,2562384
SLE,Sierra Leone,1968,2611532
SLE,Sierra Leone,1969,2661365
SLE,Sierra Leone,1970,2712286
SLE,Sierra Leone,1971,2763222
SLE,Sierra Leone,1972,2814388
SLE,Sierra Leone,1973,2866955
SLE,Sierra Leone,1974,2920459
SLE,Sierra Leone,1975,2974657
SLE,Sierra Leone,1976,3028820
SLE,Sierra Leone,1977,3085354
SLE,Sierra Leone,1978,3145517
SLE,Sierra Leone,1979,3207499
SLE,Sierra Leone,1980,3272089
SLE,Sierra Leone,1981,3338940
SLE,Sierra Leone,1982,3408183
SLE,Sierra Leone,1983,3481646
SLE,Sierra Leone,1984,3558758
SLE,Sierra Leone,1985,3638438
SLE,Sierra Leone,1986,3728380
SLE,Sierra Leone,1987,3829718
SLE,Sierra Leone,1988,3934517
SLE,Sierra Leone,1989,4034037
SLE,Sierra Leone,1990,4196828
SLE,Sierra Leone,1991,4246267
SLE,Sierra Leone,1992,4166366
SLE,Sierra Leone,1993,4157130
SLE,Sierra Leone,1994,4173105
SLE,Sierra Leone,1995,4179179
SLE,Sierra Leone,1996,4199210
SLE,Sierra Leone,1997,4253716
SLE,Sierra Leone,1998,4295785
SLE,Sierra Leone,1999,4318043
SLE,Sierra Leone,2000,4423611
SLE,Sierra Leone,2001,4692716
SLE,Sierra Leone,2002,4971435
SLE,Sierra Leone,2003,5177687
SLE,Sierra Leone,2004,5355717
SLE,Sierra Leone,2005,5501712
SLE,Sierra Leone,2006,5624466
SLE,Sierra Leone,2007,5749352
SLE,Sierra Leone,2008,5894722
SLE,Sierra Leone,2009,6055646
SLE,Sierra Leone,2010,6222714
SLE,Sierra Leone,2011,6387251
SLE,Sierra Leone,2012,6551080
SLE,Sierra Leone,2013,6714051
SLE,Sierra Leone,2014,6876385
SLE,Sierra Leone,2015,7037655
SLE,Sierra Leone,2016,7205328
SLE,Sierra Leone,2017,7379299
SLE,Sierra Leone,2018,7554563
SLE,Sierra Leone,2019,7731991
SLE,Sierra Leone,2020,7912558
SLE,Sierra Leone,2021,8094602
SLE,Sierra Leone,2022,8276807
SLE,Sierra Leone,2023,8460512
SLE,Sierra Leone,2024,8642022
SLE,Sierra Leone,2025,8819794
TGO,Togo,1960,1673110
TGO,Togo,1961,1702717
TGO,Togo,1962,1732959
TGO,Togo,1963,1765072
TGO,Togo,1964,1799410
TGO,Togo,1965,1835588
TGO,Togo,1966,1873489
TGO,Togo,1967,1912764
TGO,Togo,1968,1953523
TGO,Togo,1969,2043416
TGO,Togo,1970,2149478
TGO,Togo,1971,2219826
TGO,Togo,1972,2283863
TGO,Togo,1973,2344510
TGO,Togo,1974,2404292
TGO,Togo,1975,2463796
TGO,Togo,1976,2523488
TGO,Togo,1977,2583984
TGO,Togo,1978,2646501
TGO,Togo,1979,2714349
TGO,Togo,1980,2791408
TGO,Togo,1981,2879440
TGO,Togo,1982,2961652
TGO,Togo,1983,3033077
TGO,Togo,1984,3105743
TGO,Togo,1985,3194539
TGO,Togo,1986,3296340
TGO,Togo,1987,3397614
TGO,Togo,1988,3501545
TGO,Togo,1989,3606918
TGO,Togo,1990,3714021
TGO,Togo,1991,3822636
TGO,Togo,1992,3932581
TGO,Togo,1993,3887974
TGO,Togo,1994,3904183
TGO,Togo,1995,4110450
TGO,Togo,1996,4291136
TGO,Togo,1997,4438794
TGO,Togo,1998,4551635
TGO,Togo,1999,4665754
TGO,Togo,2000,4783722
TGO,Togo,2001,4904144
TGO,Togo,2002,5027130
TGO,Togo,2003,5154112
TGO,Togo,2004,5281320
TGO,Togo,2005,5413154
TGO,Togo,2006,5569664
TGO,Togo,2007,5748443
TGO,Togo,2008,5936138
TGO,Togo,2009,6130946
TGO,Togo,2010,6325788
TGO,Togo,2011,6500582
TGO,Togo,2012,6653718
TGO,Togo,2013,6798848
TGO,Togo,2014,6937644
TGO,Togo,2015,7071502
TGO,Togo,2016,7200884
TGO,Togo,2017,7324386
TGO,Togo,2018,7458206
TGO,Togo,2019,7619925
TGO,Togo,2020,7788054
TGO,Togo,2021,7936176
TGO,Togo,2022,8068616
TGO,Togo,2023,8223850
TGO,Togo,2024,8406558
TGO,Togo,2025,8591626
